Generation,Best,Average,Worst
0,2948.81,3596.60,4154.43
1,2888.31,3513.53,4018.59
2,2847.96,3454.92,4073.27
3,2847.96,3405.35,3972.41
4,2847.96,3367.58,3931.86
5,2847.13,3329.60,3980.58
6,2820.10,3285.04,3870.77
7,2714.19,3252.00,3821.55
8,2689.81,3217.56,3748.88
9,2656.57,3195.62,3798.87
10,2578.94,3156.12,3768.42
11,2578.94,3122.03,3709.55
12,2465.54,3091.07,3613.39
13,2465.54,3053.14,3673.83
14,2465.11,3015.12,3636.20
15,2465.11,2982.74,3540.27
16,2465.11,2960.69,3531.92
17,2458.65,2936.41,3485.44
18,2458.65,2925.98,3539.36
19,2432.42,2905.25,3559.21
20,2432.42,2877.87,3482.54
21,2376.55,2866.39,3555.77
22,2376.55,2853.57,3449.53
23,2376.55,2843.24,3381.11
24,2376.55,2832.47,3335.77
25,2371.79,2809.28,3304.56
26,2371.79,2804.89,3434.06
27,2320.66,2798.44,3428.31
28,2320.66,2788.84,3398.13
29,2164.74,2769.39,3365.85
30,2164.74,2765.47,3405.50
31,2164.74,2760.38,3320.70
32,2164.74,2752.78,3302.94
33,2164.74,2750.01,3377.03
34,2164.74,2728.03,3354.44
35,2164.74,2724.61,3451.20
36,2159.89,2692.02,3428.33
37,2142.01,2677.96,3428.69
38,2142.01,2657.55,3294.53
39,2142.01,2649.23,3260.81
40,2142.01,2646.45,3217.32
41,2142.01,2629.90,3289.78
42,2142.01,2626.97,3283.73
43,2134.22,2629.79,3139.29
44,2134.22,2626.00,3359.29
45,2107.90,2607.31,3228.82
46,2107.90,2595.55,3328.54
47,2107.90,2573.28,3227.05
48,2081.07,2546.48,3185.76
49,1991.57,2509.88,3197.91
50,1991.57,2476.02,3131.46
51,1991.57,2451.55,3039.29
52,1991.57,2428.68,3034.71
53,1991.57,2390.90,3028.14
54,1991.57,2355.61,2982.83
55,1933.27,2334.68,3022.18
56,1911.56,2298.33,2988.99
57,1911.56,2251.17,2964.73
58,1911.56,2202.56,2891.60
59,1881.35,2156.72,2814.65
60,1881.35,2097.69,2775.91
61,1867.82,2055.73,2820.71
62,1867.82,2035.83,2648.21
63,1867.82,2013.86,2629.18
64,1867.82,2014.28,2751.54
65,1858.67,2013.42,2585.80
66,1848.66,2016.99,2657.30
67,1833.72,2012.57,2606.21
68,1833.72,2012.48,2698.84
69,1833.72,2025.60,2698.86
70,1825.12,2018.03,2722.53
71,1822.75,2003.00,2693.68
72,1815.92,2006.34,2688.82
73,1815.92,1990.62,2655.12
74,1815.92,1956.57,2617.94
75,1811.18,1894.66,2536.25
76,1799.63,1879.43,2536.25
77,1799.63,1857.32,2513.37
78,1799.04,1853.29,2447.25
79,1799.04,1848.73,2486.93
80,1794.51,1847.74,2543.70
81,1794.51,1845.81,2473.04
82,1793.47,1844.28,2554.46
83,1789.71,1829.78,2595.08
84,1781.32,1824.18,2556.88
85,1778.80,1826.28,2427.52
86,1766.92,1840.29,2485.84
87,1759.13,1844.45,2488.44
88,1759.13,1842.09,2555.21
89,1758.60,1862.82,2542.12
90,1758.60,1843.02,2594.51
91,1758.60,1839.17,2452.41
92,1758.60,1829.10,2505.83
93,1758.60,1837.32,2508.65
94,1756.70,1842.02,2491.62
95,1756.70,1815.85,2416.13
96,1756.70,1783.62,2432.06
97,1756.70,1776.87,2552.45
98,1755.36,1772.45,2365.24
99,1755.36,1786.59,2456.97
100,1753.11,1779.39,2335.89
101,1753.11,1775.41,2356.89
102,1753.11,1778.90,2370.30
103,1752.63,1782.17,2518.96
104,1730.47,1771.68,2373.64
105,1730.47,1769.45,2474.66
106,1730.47,1773.04,2494.34
107,1730.47,1773.13,2380.50
108,1729.99,1772.04,2427.13
109,1729.99,1782.12,2492.08
110,1729.99,1780.10,2436.98
111,1729.99,1792.38,2473.38
112,1729.99,1769.34,2387.18
113,1729.99,1745.39,2377.15
114,1725.72,1748.33,2377.02
115,1724.09,1743.15,2428.36
116,1724.09,1741.25,2343.38
117,1724.09,1752.10,2369.24
118,1717.83,1755.32,2355.61
119,1711.93,1766.59,2307.58
120,1711.93,1776.63,2444.91
121,1711.93,1789.71,2506.27
122,1705.14,1786.80,2457.16
123,1705.14,1799.72,2531.34
124,1699.24,1814.35,2645.71
125,1699.24,1810.87,2461.99
126,1699.24,1790.06,2541.67
127,1688.46,1769.55,2485.33
128,1687.50,1771.01,2421.67
129,1687.50,1778.92,2481.92
130,1687.50,1761.61,2619.98
131,1687.50,1734.41,2471.70
132,1687.02,1710.02,2386.10
133,1687.02,1702.18,2380.44
134,1686.13,1704.38,2319.79
135,1686.13,1710.51,2402.55
136,1686.13,1710.40,2401.47
137,1686.13,1726.84,2490.98
138,1676.01,1739.73,2401.47
139,1676.01,1740.48,2462.70
140,1676.01,1713.06,2383.08
141,1674.64,1704.21,2415.24
142,1674.64,1703.76,2541.26
143,1671.18,1713.98,2456.63
144,1671.18,1729.06,2563.46
145,1671.18,1744.87,2408.24
146,1660.55,1758.74,2596.74
147,1660.55,1791.16,2559.74
148,1656.21,1798.04,2549.55
149,1656.21,1763.26,2598.24
150,1654.90,1742.40,2532.23
151,1654.84,1730.32,2497.77
152,1654.84,1717.57,2463.19
153,1654.84,1709.53,2420.99
154,1653.53,1681.48,2296.70
155,1653.53,1677.18,2348.91
156,1653.53,1692.39,2530.20
157,1653.53,1697.57,2503.69
158,1646.57,1716.89,2306.67
159,1646.57,1732.33,2556.43
160,1643.57,1711.98,2496.82
161,1643.57,1682.08,2248.21
162,1642.67,1675.81,2424.05
163,1642.24,1681.70,2447.90
164,1642.24,1676.30,2419.41
165,1642.24,1669.20,2275.92
166,1642.24,1663.34,2247.94
167,1642.24,1661.92,2233.78
168,1642.24,1656.33,2326.27
169,1642.00,1656.53,2465.72
170,1642.00,1655.04,2258.24
171,1642.00,1655.09,2345.01
172,1642.00,1653.17,2287.93
173,1642.00,1657.68,2378.65
174,1642.00,1653.09,2275.10
175,1642.00,1661.27,2480.48
176,1642.00,1655.56,2498.35
177,1642.00,1655.02,2477.53
178,1642.00,1653.24,2558.78
179,1642.00,1651.68,2513.48
180,1642.00,1651.83,2183.10
181,1642.00,1653.48,2316.48
182,1642.00,1651.25,2522.32
183,1635.64,1656.57,2393.37
184,1635.64,1654.15,2186.54
185,1635.64,1651.35,2558.78
186,1635.64,1654.39,2361.93
187,1635.64,1655.45,2532.37
188,1632.16,1659.62,2569.97
189,1631.33,1654.87,2453.23
190,1631.33,1655.19,2523.93
191,1631.33,1649.77,2464.99
192,1627.85,1654.23,2477.39
193,1627.85,1655.43,2320.63
194,1627.17,1669.92,2382.48
195,1623.68,1682.76,2527.24
196,1623.68,1680.65,2324.12
197,1623.68,1657.87,2320.63
198,1623.68,1642.73,2492.12
199,1623.68,1648.73,2578.70
200,1623.68,1645.07,2296.89
201,1623.68,1641.80,2500.90
202,1623.02,1635.79,2566.75
203,1611.36,1636.61,2172.63
204,1611.36,1630.20,2463.89
205,1611.36,1639.14,2383.14
206,1610.70,1635.25,2180.71
207,1610.70,1636.73,2452.17
208,1610.70,1634.10,2354.44
209,1610.70,1629.36,2269.82
210,1610.70,1631.42,2386.78
211,1610.70,1624.54,2379.54
212,1610.70,1620.63,2299.59
213,1610.70,1623.43,2185.37
214,1610.70,1620.23,2456.48
215,1610.70,1620.48,2219.06
216,1610.70,1624.70,2458.74
217,1610.70,1619.23,2215.91
218,1610.70,1623.30,2295.49
219,1610.70,1624.00,2438.53
220,1610.70,1625.36,2506.30
221,1610.70,1622.95,2425.74
222,1610.70,1622.85,2230.50
223,1610.70,1625.77,2506.30
224,1610.70,1620.33,2127.97
225,1610.59,1617.77,2161.26
226,1610.59,1629.38,2575.95
227,1610.59,1621.06,2151.41
228,1610.59,1621.70,2271.65
229,1610.59,1622.95,2410.25
230,1610.59,1623.87,2253.63
231,1610.59,1625.62,2455.42
232,1610.59,1626.04,2508.42
233,1610.59,1622.97,2238.64
234,1610.59,1624.81,2436.97
235,1610.59,1619.97,2262.22
236,1610.59,1623.79,2471.06
237,1610.59,1620.25,2257.08
238,1610.59,1621.62,2383.59
239,1610.59,1621.16,2511.63
240,1610.59,1618.54,2380.85
241,1610.59,1619.60,2121.60
242,1610.59,1623.10,2490.52
243,1610.59,1625.89,2493.50
244,1610.59,1624.33,2369.89
245,1610.59,1626.79,2490.52
246,1610.59,1626.07,2407.75
247,1610.59,1619.28,2509.07
248,1610.59,1626.76,2511.63
249,1610.59,1622.27,2146.51
250,1610.59,1627.42,2485.70
251,1610.59,1622.36,2407.75
252,1610.59,1620.85,2205.41
253,1610.59,1622.77,2377.90
254,1610.59,1621.96,2471.06
255,1610.59,1621.94,2460.54
256,1610.59,1618.27,2205.28
257,1610.59,1620.24,2041.28
258,1610.59,1620.30,2466.28
259,1610.59,1627.36,2508.42
260,1610.59,1622.31,2185.19
261,1610.59,1619.84,2148.73
262,1610.59,1619.30,2175.30
263,1610.59,1622.45,2257.31
264,1610.59,1625.25,2250.19
265,1610.59,1619.28,2348.73
266,1610.59,1623.76,2508.42
267,1610.59,1624.47,2460.54
268,1610.59,1621.21,2444.73
269,1610.59,1621.84,2390.83
270,1610.59,1624.71,2453.86
271,1610.59,1621.71,2555.95
272,1610.59,1622.94,2273.87
273,1610.59,1623.45,2479.08
274,1610.59,1619.38,2159.01
275,1610.48,1620.52,2157.79
276,1610.48,1628.59,2523.11
277,1610.48,1623.72,2444.73
278,1609.22,1625.91,2340.55
279,1609.22,1622.11,2257.31
280,1609.22,1635.90,2493.50
281,1609.22,1630.85,2403.85
282,1609.22,1629.95,2335.07
283,1609.22,1635.03,2317.05
284,1609.22,1630.17,2230.77
285,1609.22,1623.17,2281.10
286,1609.22,1621.21,2509.34
287,1609.22,1624.90,2189.30
288,1609.22,1620.44,2423.48
289,1609.22,1619.02,2224.71
290,1609.22,1619.47,2383.63
291,1609.22,1623.60,2181.44
292,1609.22,1616.80,2371.43
293,1609.22,1620.03,2208.89
294,1609.22,1620.66,2216.13
295,1609.22,1619.59,2141.30
296,1609.22,1616.82,2195.77
297,1609.22,1620.37,2353.88
298,1609.22,1625.05,2460.75
299,1609.22,1621.88,2235.59
300,1609.22,1619.47,2383.63
301,1609.22,1620.39,2240.12
302,1609.22,1622.79,2281.10
303,1609.22,1622.64,2338.51
304,1609.22,1619.52,2062.36
305,1609.22,1621.51,2361.78
306,1609.22,1618.40,2091.78
307,1609.22,1618.69,2270.61
308,1609.22,1622.38,2460.75
309,1609.22,1624.82,2393.05
310,1609.22,1618.80,2405.39
311,1609.22,1621.39,2189.49
312,1609.22,1621.57,2142.68
313,1609.22,1622.59,2164.84
314,1609.22,1620.01,2180.96
315,1609.22,1622.32,2446.21
316,1609.22,1619.99,2253.36
317,1609.22,1621.83,2393.05
318,1609.22,1620.74,2248.82
319,1609.22,1619.40,2399.26
320,1609.22,1620.18,2201.57
321,1609.22,1618.87,2415.96
322,1609.22,1619.18,2438.66
323,1609.22,1618.06,2399.26
324,1609.22,1619.96,2296.87
325,1609.22,1618.53,2089.10
326,1609.22,1621.94,2282.79
327,1609.22,1619.98,2315.79
328,1609.22,1623.77,2167.60
329,1609.22,1621.46,2384.00
330,1609.22,1621.31,2399.15
331,1609.22,1619.33,2260.85
332,1609.22,1621.58,2224.71
333,1609.22,1621.62,2373.13
334,1609.22,1620.18,2399.15
335,1609.22,1624.22,2349.47
336,1609.22,1625.40,2349.88
337,1609.22,1623.01,2446.21
338,1609.22,1623.55,2315.69
339,1609.22,1625.48,2404.92
340,1609.22,1619.93,2262.79
341,1609.22,1620.25,2338.51
342,1609.22,1619.94,2167.60
343,1609.22,1625.88,2404.92
344,1609.22,1622.83,2446.21
345,1609.22,1623.39,2352.74
346,1609.22,1616.75,2135.07
347,1609.22,1627.01,2438.66
348,1609.22,1624.45,2300.24
349,1609.22,1625.19,2260.85
350,1609.22,1624.38,2405.39
351,1609.22,1616.46,2134.87
352,1609.22,1621.33,2393.05
353,1609.22,1622.04,2279.25
354,1609.22,1625.88,2460.75
355,1609.22,1623.87,2352.74
356,1609.22,1619.66,2300.24
357,1609.22,1617.10,2235.59
358,1609.22,1621.57,2399.26
359,1609.22,1618.67,2352.74
360,1609.22,1617.99,2129.15
361,1609.22,1622.60,2399.26
362,1609.22,1617.51,2058.70
363,1609.22,1624.41,2270.17
364,1609.22,1622.19,2296.77
365,1609.22,1624.51,2171.92
366,1609.22,1626.98,2384.00
367,1609.22,1622.73,2296.77
368,1609.22,1620.59,2399.15
369,1609.22,1623.45,2405.39
370,1609.22,1617.41,2203.93
371,1609.22,1623.50,2368.87
372,1609.22,1623.78,2163.93
373,1609.22,1622.10,2281.10
374,1609.22,1620.01,2253.36
375,1609.22,1619.24,2349.88
376,1609.22,1621.06,2262.79
377,1609.22,1620.60,2339.49
378,1609.22,1618.13,2393.05
379,1609.22,1619.27,2279.25
380,1609.22,1627.33,2349.47
381,1609.22,1624.25,2399.15
382,1609.22,1623.24,2415.96
383,1609.22,1623.66,2145.71
384,1609.22,1623.63,2330.86
385,1609.22,1622.06,2383.63
386,1609.22,1624.39,2262.49
387,1609.22,1622.21,2349.88
388,1609.22,1621.99,2278.00
389,1609.22,1622.41,2423.48
390,1609.22,1619.17,2399.26
391,1609.22,1619.56,2446.21
392,1609.22,1619.34,2300.24
393,1609.22,1622.58,2352.74
394,1609.22,1618.94,2237.70
395,1609.22,1624.10,2460.75
396,1609.22,1623.74,2353.88
397,1609.22,1619.76,2399.15
398,1609.22,1622.23,2369.99
399,1609.22,1621.28,2369.99
400,1609.22,1624.05,2296.77
401,1609.22,1622.38,2352.56
402,1609.22,1628.52,2446.21
403,1609.22,1619.25,2315.79
404,1609.22,1619.45,2407.74
405,1609.22,1622.56,2352.56
406,1609.22,1619.96,2296.77
407,1609.22,1621.08,2203.93
408,1609.22,1627.04,2315.79
409,1609.22,1619.61,2322.71
410,1609.22,1620.54,2368.87
411,1609.22,1626.70,2349.88
412,1609.22,1621.24,2384.00
413,1609.22,1624.06,2460.75
414,1609.22,1623.26,2270.17
415,1609.22,1622.13,2442.22
416,1609.22,1624.02,2361.78
417,1609.22,1620.42,2384.00
418,1609.22,1616.28,2156.42
419,1609.22,1621.11,2300.24
420,1609.22,1623.73,2343.24
421,1609.22,1621.06,2383.63
422,1609.09,1625.73,2415.96
423,1609.09,1615.84,2203.90
424,1609.09,1620.05,2278.00
425,1609.09,1624.63,2270.17
426,1609.09,1621.43,2197.44
427,1609.09,1620.09,2226.16
428,1609.09,1622.46,2315.69
429,1609.09,1621.92,2368.74
430,1609.09,1622.57,2224.91
431,1609.09,1621.46,2177.44
432,1609.09,1619.64,2226.04
433,1609.09,1620.69,2169.79
434,1609.09,1619.27,2293.89
435,1609.09,1619.83,2163.81
436,1609.09,1619.10,2236.55
437,1609.09,1621.61,2169.79
438,1609.09,1620.18,2157.51
439,1609.09,1623.92,2252.13
440,1609.09,1621.92,2233.72
441,1609.09,1621.46,2156.29
442,1609.09,1623.83,2186.79
443,1609.09,1619.00,2315.66
444,1609.09,1621.57,2199.97
445,1609.09,1619.90,2060.43
446,1609.09,1619.86,2086.54
447,1609.09,1623.10,2339.05
448,1609.09,1622.05,2215.69
449,1609.09,1622.59,2383.51
450,1609.09,1619.64,2260.72
451,1609.09,1621.24,2117.16
452,1609.09,1619.72,2099.76
453,1604.21,1621.06,2227.49
454,1604.21,1617.84,2260.72
455,1604.21,1620.17,2145.59
456,1604.21,1621.79,2208.77
457,1604.21,1626.38,2224.91
458,1604.21,1620.24,2136.82
459,1604.21,1621.74,2272.66
460,1604.21,1614.52,2331.46
461,1603.09,1621.41,2231.88
462,1601.67,1616.47,2201.05
463,1601.67,1615.58,2142.34
464,1601.67,1617.78,2300.89
465,1595.31,1625.65,2111.15
466,1595.31,1638.51,2164.91
467,1595.31,1638.68,2309.65
468,1593.46,1666.34,2488.80
469,1593.46,1672.24,2294.25
470,1591.86,1651.73,2246.81
471,1588.53,1618.67,2258.49
472,1588.53,1611.15,2199.21
473,1588.53,1620.29,2393.92
474,1588.53,1612.53,2232.71
475,1588.53,1618.86,2294.63
476,1584.25,1617.15,2244.17
477,1584.25,1610.92,2427.27
478,1584.25,1606.38,2449.92
479,1584.25,1615.12,2295.48
480,1584.25,1620.27,2481.51
481,1584.25,1633.41,2264.70
482,1584.25,1636.06,2239.58
483,1584.25,1622.90,2493.47
484,1584.25,1598.20,2396.27
485,1584.25,1596.27,2314.05
486,1584.25,1593.44,2268.89
487,1584.25,1596.90,2412.76
488,1584.25,1596.41,2434.47
489,1584.25,1605.73,2408.73
490,1584.25,1597.45,2314.65
491,1584.25,1593.71,2345.01
492,1584.25,1599.76,2339.48
493,1584.25,1599.35,2441.90
494,1584.25,1597.13,2222.42
495,1584.25,1595.87,2263.41
496,1584.25,1595.48,2183.71
497,1584.25,1600.63,2179.72
498,1584.25,1595.05,2497.25
499,1584.25,1593.28,2179.28
500,1584.25,1593.99,2196.59
501,1584.25,1596.78,2314.65
502,1584.25,1598.66,2226.63
503,1584.25,1597.76,2124.80
504,1584.25,1596.63,2423.16
505,1584.25,1597.20,2215.74
506,1584.25,1596.07,2220.64
507,1584.25,1597.37,2412.76
508,1584.25,1594.49,2189.58
509,1584.25,1597.06,2220.64
510,1584.25,1596.78,2314.99
511,1584.25,1600.90,2499.11
512,1584.25,1597.04,2412.76
513,1584.25,1596.20,2282.59
514,1584.25,1598.99,2499.11
515,1584.25,1595.09,2441.90
516,1584.25,1593.51,2179.72
517,1584.25,1599.35,2325.32
518,1584.25,1598.29,2272.19
519,1584.25,1594.48,2314.99
520,1584.25,1593.32,2280.78
521,1584.25,1598.53,2314.65
522,1584.25,1598.98,2314.99
523,1584.25,1596.70,2415.45
524,1584.25,1592.93,2345.01
525,1584.25,1591.93,2096.32
526,1584.25,1594.04,2285.30
527,1584.25,1593.80,2116.79
528,1584.25,1598.38,2325.40
529,1584.25,1598.82,2499.11
530,1584.25,1596.46,2325.40
531,1584.25,1600.34,2222.92
532,1584.25,1593.00,2189.58
533,1584.25,1597.40,2396.27
534,1584.25,1595.90,2055.74
535,1584.25,1598.16,2178.78
536,1584.25,1596.60,2384.68
537,1584.25,1598.79,2321.40
538,1584.25,1595.31,2265.41
539,1584.25,1594.27,2325.40
540,1584.25,1598.68,2215.74
541,1584.25,1594.05,2161.79
542,1584.25,1596.57,2092.16
543,1584.25,1592.73,2293.61
544,1584.25,1595.18,2188.00
545,1584.25,1598.34,2291.13
546,1584.25,1600.85,2288.29
547,1584.25,1601.03,2499.11
548,1584.25,1599.32,2441.90
549,1584.25,1600.21,2423.16
550,1584.25,1598.43,2426.52
551,1584.25,1599.11,2298.58
552,1584.25,1594.88,2164.01
553,1584.25,1596.14,2217.91
554,1584.25,1593.92,2142.54
555,1584.25,1599.61,2434.47
556,1584.25,1600.80,2291.13
557,1584.25,1597.12,2408.73
558,1584.25,1594.53,2268.89
559,1584.25,1594.78,2262.73
560,1584.25,1594.97,2186.01
561,1584.25,1595.82,2434.47
562,1584.25,1596.03,2214.21
563,1584.25,1595.15,2164.37
564,1584.25,1595.76,2201.04
565,1584.25,1597.95,2229.33
566,1584.25,1602.67,2288.29
567,1584.25,1597.44,2384.88
568,1584.25,1598.70,2314.05
569,1584.25,1602.04,2408.73
570,1584.25,1598.16,2345.01
571,1584.25,1596.54,2405.94
572,1584.25,1596.52,2227.13
573,1584.25,1597.02,2324.34
574,1584.25,1597.67,2324.34
575,1584.25,1596.94,2222.92
576,1584.25,1603.92,2201.04
577,1584.25,1597.26,2408.73
578,1584.25,1597.92,2434.47
579,1584.25,1595.66,2295.48
580,1584.25,1600.63,2497.25
581,1584.25,1596.90,2328.81
582,1584.25,1599.54,2345.01
583,1584.25,1600.02,2289.89
584,1584.25,1597.49,2325.32
585,1584.25,1598.73,2434.47
586,1584.25,1598.92,2186.01
587,1584.25,1600.84,2285.30
588,1584.25,1599.65,2415.45
589,1584.25,1592.64,2179.72
590,1584.25,1596.94,2199.36
591,1584.25,1594.33,2214.21
592,1584.25,1594.94,2214.21
593,1584.25,1596.58,2477.08
594,1584.25,1599.45,2384.88
595,1584.25,1597.45,2233.22
596,1584.25,1591.70,2114.33
597,1584.25,1599.33,2325.32
598,1584.25,1597.75,2499.11
599,1584.25,1601.72,2324.34
600,1584.25,1597.74,2412.76
601,1584.25,1595.63,2295.48
602,1584.25,1598.73,2263.41
603,1584.25,1595.19,2156.45
604,1584.25,1598.98,2314.65
605,1584.25,1597.30,2384.88
606,1584.25,1598.03,2314.05
607,1584.25,1593.91,2233.22
608,1584.25,1594.83,2408.73
609,1584.25,1595.54,2222.42
610,1584.25,1597.31,2499.11
611,1584.25,1600.91,2441.90
612,1584.25,1599.74,2423.16
613,1584.25,1597.42,2289.89
614,1584.25,1599.38,2314.99
615,1584.25,1596.60,2215.74
616,1584.25,1596.39,2179.28
617,1584.25,1600.76,2271.75
618,1584.25,1598.11,2384.88
619,1584.25,1598.42,2423.16
620,1584.25,1595.28,2138.81
621,1584.25,1597.00,2257.67
622,1584.25,1595.24,2396.27
623,1584.25,1594.18,2291.13
624,1584.25,1598.84,2423.16
625,1584.25,1594.40,2412.76
626,1584.25,1600.66,2445.49
627,1584.25,1603.33,2445.49
628,1584.25,1595.66,2291.13
629,1584.25,1596.02,2086.55
630,1584.25,1595.38,2185.45
631,1584.25,1594.91,2384.68
632,1584.25,1592.88,2285.30
633,1584.25,1600.29,2339.48
634,1584.25,1598.30,2445.49
635,1584.25,1593.64,2226.63
636,1584.25,1602.41,2288.29
637,1584.25,1597.31,2295.48
638,1584.25,1597.99,2204.69
639,1584.25,1595.72,2073.99
640,1584.25,1597.47,2314.65
641,1584.25,1594.60,2199.36
642,1584.25,1598.85,2295.48
643,1584.25,1598.44,2382.90
644,1584.25,1600.04,2214.21
645,1584.25,1599.32,2185.45
646,1584.25,1599.34,2262.73
647,1584.25,1596.97,2198.33
648,1584.25,1599.20,2198.33
649,1584.25,1591.53,2199.97
650,1584.25,1597.22,2497.25
651,1584.25,1596.64,2325.40
652,1584.25,1594.87,2325.32
653,1584.25,1598.38,2415.45
654,1584.25,1595.34,2321.40
655,1584.25,1603.95,2441.90
656,1584.25,1600.74,2325.32
657,1584.25,1594.85,2170.98
658,1584.25,1593.71,2233.22
659,1584.25,1600.18,2229.33
660,1584.25,1595.67,2116.79
661,1584.25,1598.14,2214.21
662,1584.25,1598.24,2445.49
663,1584.25,1598.17,2156.94
664,1584.25,1594.73,2434.47
665,1584.25,1596.94,2339.48
666,1584.25,1595.88,2314.05
667,1584.25,1599.46,2339.48
668,1584.25,1597.73,2325.32
669,1584.25,1594.95,2445.49
670,1584.25,1594.36,2328.81
671,1584.25,1596.24,2288.29
672,1584.25,1596.08,2271.75
673,1584.25,1598.46,2178.78
674,1584.25,1599.82,2497.25
675,1584.25,1595.18,2314.65
676,1584.25,1603.26,2274.55
677,1584.25,1594.08,2104.03
678,1584.25,1594.97,2227.13
679,1584.25,1597.22,2497.25
680,1584.25,1596.82,2285.30
681,1584.25,1598.78,2196.59
682,1584.25,1595.12,2220.64
683,1584.25,1596.76,2441.90
684,1584.25,1598.59,2295.48
685,1584.25,1598.72,2382.90
686,1584.25,1597.78,2314.05
687,1584.25,1597.65,2426.52
688,1584.25,1597.96,2272.19
689,1584.25,1600.79,2445.49
690,1584.25,1599.60,2321.40
691,1584.25,1598.56,2423.16
692,1584.25,1601.03,2227.13
693,1584.25,1596.49,2220.64
694,1584.25,1598.65,2321.40
695,1584.25,1593.66,2382.90
696,1584.25,1595.33,2291.13
697,1584.25,1596.23,2265.41
698,1584.25,1599.68,2285.30
699,1584.25,1597.46,2384.88
700,1584.25,1592.85,2201.04
701,1584.25,1599.41,2423.16
702,1584.25,1597.10,2271.75
703,1584.25,1596.98,2384.88
704,1584.25,1602.17,2384.68
705,1584.25,1594.03,2268.89
706,1584.25,1600.13,2189.58
707,1584.25,1598.62,2314.65
708,1584.25,1597.82,2235.72
709,1584.25,1595.66,2222.92
710,1584.25,1593.98,2229.33
711,1584.25,1600.20,2298.58
712,1584.25,1596.70,2204.69
713,1584.25,1594.47,2325.40
714,1584.25,1594.44,2434.47
715,1584.25,1594.93,2107.21
716,1584.25,1596.11,2293.61
717,1584.25,1601.26,2263.41
718,1584.25,1597.91,2314.65
719,1584.25,1596.97,2314.65
720,1584.25,1596.30,2137.27
721,1584.25,1593.78,2122.38
722,1584.25,1593.59,2396.27
723,1584.25,1596.92,2325.32
724,1584.25,1596.09,2213.67
725,1584.25,1598.34,2426.52
726,1584.25,1595.11,2262.73
727,1584.25,1596.23,2325.40
728,1584.25,1595.71,2499.11
729,1584.25,1597.68,2245.05
730,1584.25,1596.67,2252.88
731,1584.25,1595.30,2235.72
732,1584.25,1597.43,2415.45
733,1584.25,1595.88,2384.88
734,1584.25,1594.87,2285.30
735,1584.25,1596.21,2159.23
736,1584.25,1596.29,2325.32
737,1584.25,1594.29,2188.00
738,1584.25,1600.07,2426.52
739,1584.25,1597.22,2324.34
740,1584.25,1593.07,2213.67
741,1584.25,1593.86,2092.16
742,1584.25,1595.21,2127.71
743,1584.25,1596.85,2164.37
744,1584.25,1595.92,2201.04
745,1584.25,1594.27,2205.22
746,1584.25,1593.29,2104.03
747,1584.25,1597.53,2282.59
748,1584.25,1598.38,2285.30
749,1584.25,1601.42,2434.47
750,1584.25,1593.91,2384.88
751,1584.25,1597.13,2179.28
752,1584.25,1598.32,2384.68
753,1584.25,1597.98,2497.25
754,1584.25,1597.00,2213.67
755,1584.25,1598.20,2271.75
756,1584.25,1597.57,2384.88
757,1584.25,1593.67,2076.52
758,1584.25,1602.24,2423.16
759,1584.25,1600.29,2293.61
760,1584.25,1593.55,2073.26
761,1584.25,1599.05,2188.00
762,1584.25,1596.49,2298.58
763,1584.25,1599.10,2497.25
764,1584.25,1596.64,2314.65
765,1584.25,1594.01,2409.04
766,1584.25,1600.73,2272.19
767,1584.25,1596.87,2222.92
768,1584.25,1595.30,2172.31
769,1584.25,1594.30,2093.05
770,1584.25,1600.89,2423.16
771,1584.25,1599.61,2314.05
772,1584.25,1602.33,2339.48
773,1584.25,1600.17,2325.32
774,1584.25,1596.89,2384.88
775,1584.25,1597.84,2272.19
776,1584.25,1595.04,2426.52
777,1584.25,1591.30,2205.22
778,1584.25,1598.48,2248.08
779,1584.25,1601.38,2339.48
780,1584.25,1596.45,2445.49
781,1584.25,1599.27,2280.78
782,1584.25,1596.66,2161.15
783,1584.25,1595.78,2195.87
784,1584.25,1593.84,2298.58
785,1584.25,1602.46,2314.99
786,1584.25,1593.68,2245.05
787,1584.25,1598.68,2071.14
788,1584.25,1595.98,2291.13
789,1584.25,1592.51,2201.04
790,1584.25,1593.31,2238.01
791,1584.25,1595.27,2205.22
792,1584.25,1598.53,2229.33
793,1584.25,1598.95,2291.13
794,1584.25,1591.89,2445.49
795,1584.25,1599.67,2409.04
796,1584.25,1594.25,2274.55
797,1584.25,1601.50,2445.49
798,1584.25,1595.55,2405.94
799,1584.25,1595.02,2321.40
800,1584.25,1598.95,2252.88
801,1584.25,1594.01,2321.40
802,1584.25,1599.73,2497.25
803,1584.25,1598.64,2314.05
804,1584.25,1597.23,2445.49
805,1584.25,1592.50,2172.31
806,1584.25,1592.49,2384.88
807,1584.25,1594.60,2159.23
808,1584.25,1601.22,2164.01
809,1584.25,1597.50,2204.69
810,1584.25,1594.12,2345.01
811,1584.25,1595.27,2257.67
812,1584.25,1596.00,2161.79
813,1584.25,1597.74,2441.90
814,1584.25,1595.22,2266.95
815,1584.25,1595.94,2217.91
816,1584.25,1592.79,2445.49
817,1584.25,1596.10,2280.78
818,1584.25,1602.77,2382.90
819,1584.25,1597.30,2382.90
820,1584.25,1598.78,2408.73
821,1584.25,1595.64,2204.69
822,1584.25,1601.42,2271.75
823,1584.25,1594.63,2068.72
824,1584.25,1598.58,2382.90
825,1584.25,1596.44,2272.19
826,1584.25,1596.35,2345.01
827,1584.25,1591.70,2038.94
828,1584.25,1601.33,2497.25
829,1584.25,1596.55,2384.88
830,1584.25,1598.09,2248.08
831,1584.25,1600.71,2499.11
832,1584.25,1597.79,2199.03
833,1584.25,1591.84,2024.51
834,1584.25,1595.92,2324.34
835,1584.25,1599.09,2222.92
836,1584.25,1596.24,2396.27
837,1584.25,1598.64,2441.90
838,1584.25,1595.77,2434.47
839,1584.25,1595.44,2118.56
840,1584.25,1595.04,2477.08
841,1584.25,1597.00,2174.12
842,1584.25,1600.27,2199.03
843,1584.25,1603.59,2477.08
844,1584.25,1595.03,2293.61
845,1584.25,1600.38,2199.03
846,1584.25,1596.14,2415.45
847,1584.25,1599.71,2412.76
848,1584.25,1597.23,2339.48
849,1584.25,1594.98,2113.12
850,1584.25,1594.61,2314.99
851,1584.25,1596.69,2409.04
852,1584.25,1594.43,2325.40
853,1584.25,1593.29,2113.12
854,1584.25,1598.41,2135.97
855,1584.25,1594.63,2161.15
856,1584.25,1597.39,2412.76
857,1584.25,1598.32,2445.49
858,1584.25,1597.75,2412.76
859,1584.25,1597.30,2291.13
860,1584.25,1601.17,2426.52
861,1584.25,1595.79,2298.58
862,1584.25,1596.70,2120.59
863,1584.25,1597.39,2324.34
864,1584.25,1594.13,2245.05
865,1584.25,1594.98,2325.40
866,1584.25,1597.10,2271.75
867,1584.25,1596.89,2170.98
868,1584.25,1600.42,2324.34
869,1584.25,1597.81,2408.73
870,1584.25,1596.42,2314.99
871,1584.25,1597.45,2477.08
872,1584.25,1598.21,2384.68
873,1584.25,1597.46,2199.97
874,1584.25,1596.29,2199.36
875,1584.25,1599.52,2271.75
876,1584.25,1597.33,2328.81
877,1584.25,1593.38,2415.45
878,1584.25,1593.17,2167.16
879,1584.25,1590.61,2291.13
880,1584.25,1595.27,2426.52
881,1584.25,1598.56,2321.40
882,1584.25,1596.91,2220.64
883,1584.25,1598.41,2426.52
884,1584.25,1596.92,2130.98
885,1584.25,1601.35,2405.94
886,1584.25,1594.38,2291.13
887,1584.25,1599.56,2274.55
888,1584.25,1599.13,2325.32
889,1584.25,1599.97,2396.27
890,1584.25,1597.88,2262.73
891,1584.25,1597.61,2268.89
892,1584.25,1598.06,2220.64
893,1584.25,1594.44,2132.51
894,1584.25,1596.83,2325.32
895,1584.25,1594.70,2159.23
896,1584.25,1597.58,2324.34
897,1584.25,1604.82,2499.11
898,1584.25,1590.71,2205.22
899,1584.25,1600.52,2263.41
900,1584.25,1596.40,2382.90
901,1584.25,1596.03,2441.90
902,1584.25,1599.85,2409.04
903,1584.25,1599.19,2415.45
904,1584.25,1597.66,2321.40
905,1584.25,1595.36,2164.18
906,1584.25,1596.21,2164.37
907,1584.25,1600.48,2415.45
908,1584.25,1594.80,2118.56
909,1584.25,1596.46,2262.73
910,1584.25,1597.41,2321.40
911,1584.25,1597.89,2396.27
912,1584.25,1600.21,2199.03
913,1584.25,1594.28,2262.73
914,1584.25,1600.91,2228.27
915,1584.25,1593.13,2183.71
916,1584.25,1601.91,2415.45
917,1584.25,1597.41,2405.94
918,1584.25,1599.02,2423.16
919,1584.25,1596.51,2415.45
920,1584.25,1598.22,2382.90
921,1584.25,1599.88,2285.30
922,1584.25,1598.34,2274.55
923,1584.25,1593.64,2127.71
924,1584.25,1599.65,2409.04
925,1584.25,1595.04,2477.08
926,1584.25,1595.41,2134.10
927,1584.25,1598.14,2412.76
928,1584.25,1597.88,2214.21
929,1584.25,1596.50,2415.45
930,1584.25,1597.04,2167.16
931,1584.25,1600.95,2314.05
932,1584.25,1592.93,2328.81
933,1584.25,1594.28,2120.16
934,1584.25,1594.93,2314.99
935,1584.25,1601.64,2325.32
936,1584.25,1599.06,2293.61
937,1584.25,1600.42,2441.90
938,1584.25,1598.32,2497.25
939,1584.25,1595.44,2179.28
940,1584.25,1599.95,2499.11
941,1584.25,1593.70,2233.22
942,1584.25,1597.28,2263.41
943,1584.25,1598.07,2409.04
944,1584.25,1595.42,2268.89
945,1584.25,1599.91,2187.59
946,1584.25,1594.72,2445.49
947,1584.25,1599.63,2434.47
948,1584.25,1593.50,2204.69
949,1584.25,1596.21,2314.99
950,1584.25,1593.50,2198.33
951,1584.25,1598.45,2177.10
952,1584.25,1596.94,2477.08
953,1584.25,1599.27,2345.01
954,1584.25,1599.95,2415.45
955,1584.25,1599.51,2177.10
956,1584.25,1600.23,2298.58
957,1584.25,1596.64,2167.16
958,1584.25,1600.36,2298.58
959,1584.25,1596.28,2222.92
960,1584.25,1592.89,2280.78
961,1584.25,1595.55,2199.59
962,1584.25,1599.73,2426.52
963,1584.25,1595.24,2384.68
964,1584.25,1597.70,2384.68
965,1584.25,1599.40,2328.81
966,1584.25,1595.91,2441.90
967,1584.25,1594.08,2339.48
968,1584.25,1592.61,2218.58
969,1584.25,1598.23,2291.13
970,1584.25,1593.86,2280.78
971,1584.25,1599.66,2477.08
972,1584.25,1598.05,2384.68
973,1584.25,1594.49,2295.48
974,1584.25,1598.45,2412.76
975,1584.25,1599.72,2412.76
976,1584.25,1595.89,2213.67
977,1584.25,1595.14,2188.00
978,1584.25,1600.52,2328.81
979,1584.25,1599.70,2298.58
980,1584.25,1593.94,2135.97
981,1584.25,1595.88,2293.61
982,1584.25,1598.20,2289.89
983,1584.25,1595.20,2263.41
984,1584.25,1598.75,2415.45
985,1584.25,1597.61,2131.29
986,1584.25,1595.97,2325.32
987,1584.25,1593.93,2434.47
988,1584.25,1600.54,2412.76
989,1584.25,1593.98,2183.77
990,1584.25,1600.01,2291.13
991,1584.25,1592.48,2235.72
992,1584.25,1598.52,2293.61
993,1584.25,1599.84,2282.59
994,1584.25,1596.84,2328.81
995,1584.25,1602.91,2265.41
996,1584.25,1598.54,2145.28
997,1584.25,1594.77,2499.11
998,1584.25,1598.62,2497.25
999,1584.25,1596.18,2415.45
